Citation,Ref. no.,Location,Catchment,Surface,Mean water depth (m),Climate,Coordinates,MAT (℃),MAP (mm),No. of sample location,Frequency,Temporal coverage,Flux sampling season,Method,NH4+-N (mg L-1),NO3_-N (mg L-1),DOC (mg L-1),DO (mg L-1) ,Temperature (℃), pH,Water speed (m s-1),Wind speed (m s-1),CH4_umolL_Range,CH4_umolL_Mean,Range,Mean,Emission pathway,Data location
Abril and Iversen 2002,1,"Randers Fjord, Denmark",NA,19.4,1.7,Temperate,"56°28′N, 10°03′E",6.1,860,3,Twice,Jul.-Dec. 2000,,Diffusion model ,NA,NA,NA,NA,NA,NA,NA,4.6,0.19-0.28,0.23,-0.06,-0.15,Diffusive flux,Table 4
Biswas et al. 2007,21,"Bay of Bengal, India",NA,NA,NA,Tropical,"22°05′N, 88°32′E",26.71,1651.4,3,Monthly,Jan.-Dec. 2003,,Diffusion model ,NA,NA,NA,6.19,28.7,NA,NA,3.25,0.04-0.07,0.05,0.01-0.04,0.02,Diffusive flux,Table 2
Brigham et al. 2019,25,"Hudson River estuary, USA",NA,27,NA,Temperate,"42°19′N, 73°46′W",12.73,1268.4,3,Total of 10 times,Jul. 2013-Oct. 2014,,Diffusion model ,NA,0.4,2.6,NA,21.4,NA,NA,NA,NA,0.31,NA,0.19,Diffusive flux,Table 6
Brigham et al. 2019,25,"Hudson River estuary, USA",,124,,Temperate,"42°19′N, 73°46′W",12.73,1268.4,4,Total of 10 times,Jul. 2013-Oct. 2014,,Diffusion model ,,0.4,2.9,,23,,,,,0.18,,0.08,Diffusive flux,Table 6
Brigham et al. 2019,25,"Hudson River estuary, USA",,130,,Temperate,"42°19′N, 73°46′W",12.73,1268.4,7,Total of 7 times,Jul. 2013-Oct. 2014,,Diffusion model ,,0.5,3.3,,21.9,,,,,0.22,,0.12,Diffusive flux,Table 6
Brigham et al. 2019,25,"Hudson River estuary, USA",,19,,Temperate,"42°19′N, 73°46′W",12.73,1268.4,3,Total of 7 times,Jul. 2013-Oct. 2014,,Diffusion model ,,0.5,3.5,,21.7,,,,,0.28,,0.08,Diffusive flux,Table 6
Burgos et al. 2014,26,"Guadalete River estuary, Spain",NA,NA,3.5,Temperate,"36°29'N, 06°13'W",18.67,527.8,8,Once ,"Feb. 25th, 2013",Winter,Diffusion model ,1.02,2.16,46.7,8.29,13.4,NA,NA,1.8,0.04-1.34,0.47,0.00-0.001,0,Diffusive flux,Text (results)
Burgos et al. 2014,26,"Guadalete River estuary, Spain",,,3.5,Temperate,"36°29'N, 06°13'W",18.67,527.8,8,Once ,"May 9th, 2013",Spring,Diffusion model ,1.09,2.72,7.5,6.96,21.4,,,1.7,0.30-3.48,1.6,0.00-0.002,0,Diffusive flux,Text (results)
Burgos et al. 2014,26,"Guadalete River estuary, Spain",,,3.5,Temperate,"36°29'N, 06°13'W",18.67,527.8,7,Once ,"Jul. 23rd, 2013",Summer,Diffusion model ,0.67,1.08,8.6,6.25,25.9,,,2.1,0.02-0.21,0.17,0.00-0.0003,0,Diffusive flux,Text (results)
Burgos et al. 2014,26,"Guadalete River estuary, Spain",,,3.5,Temperate,"36°29'N, 06°13'W",18.67,527.8,6,Once ,"Nov. 18th, 2013",Autumn,Diffusion model ,2.24,0.95,13.2,8.11,14.3,,,1.4,0.07-0.22,0.12,0.00-0.0001,0,Diffusive flux,Text (results)
Daniel et al. 2013,44,"Tubul-Raqui estuary, Gulf of Arauco, Chile",NA,NA,1.1,Temperate,"37°26′S, 73°26′W",13,1090.2,9,Once,"Feb. 5th, 2011",Summer,Diffusion model ,0.25,0.02,NA,NA,17,7.85,NA,NA,NA,NA,0.20-1.67,0.7,Diffusive flux,Fig. 7e+Fig. 7f
Daniel et al. 2013,44,"Tubul-Raqui estuary, Gulf of Arauco, Chile",,,1.1,Temperate,"37°26′S, 73°26′W",13,1090.2,12,Once,"Jul. 10th, 2011",Winter,Diffusion model ,0.25,0.1,,,11.5,6.97,,,,,0.01-0.03,0.01,Diffusive flux,Fig. 7g+Fig. 7h
de Angelis and Lilley 1987,46,"Columbia River estuary, Oregon, USA",NA,23.16,NA,Temperate,"44°37'N, 124°01'W",11.66,1007.6,18,Total of 1-6 times,1979-1982,,Diffusion model ,NA,NA,NA,NA,NA,NA,NA,NA,NA,NA,0.00-0.88,0.12,Diffusive flux,Table 3
de Angelis and Scranton 1993,47,"Hudson River estuary, USA",NA,146,8,Temperate,"42°19′N, 73°46′W",12.73,1268.4,19-22,Twice,"Mar. 19th-Aug, 21st, 1991",,Diffusion model ,NA,NA,NA,NA,NA,NA,NA,NA,0.23-0.24,0.24,0.17-0.25,0.21,Diffusive flux,Table 4
de Angelis and Scranton 1993,47,"Hudson River estuary, USA",,29,12.8,Temperate,"42°19′N, 73°46′W",12.73,1268.4,5-Apr,Twice,"Mar. 19th-Aug, 21st, 1991",,Diffusion model ,,,,,,,,,0.11-0.12,0.11,0.08-0.13,0.1,Diffusive flux,Table 4
de Angelis and Scranton 1993,47,"Hudson River estuary, USA",,116,5.3,Temperate,"42°19′N, 73°46′W",12.73,1268.4,7-May,Twice,"Mar. 19th-Aug, 21st, 1991",,Diffusion model ,,,,,,,,,0.11-0.15,0.13,0.10-0.12,0.11,Diffusive flux,Table 4
de Angelis and Scranton 1993,47,"Hudson River estuary, USA",,44,10.1,Temperate,"42°19′N, 73°46′W",12.73,1268.4,5-Apr,Twice,"Mar. 19th-Aug, 21st, 1991",,Diffusion model ,,,,,,,,,0.39-0.51,0.45,0.38-0.42,0.4,Diffusive flux,Table 4
de Angelis and Scranton 1993,47,"Hudson River estuary, USA",,35,13.5,Temperate,"42°19′N, 73°46′W",12.73,1268.4,2-Jan,Once,"Aug, 21st-Aug. 24th, 1991",,Diffusion model ,,,,,,,,,NA,0.6,NA,0.65,Diffusive flux,Table 4
Dutta et al. 2015,62,"Sundarbans, India",NA,NA,NA,Tropical,"21°42′N, 88°18′E",26.71,1651.4,NA,Monthly,Jan. 2011-Dec. 2012,,Diffusion model ,NA,NA,NA,6.61,25.9,8.14,NA,25.9,0.05-0.09,0.07,0.00-0.01,0.01,Diffusive flux,Table 3
Harley et al. 2015,79,"Tay estuary, Scotland, UK",NA,121.3,NA,Temperate,"56°28'N, 02°58'W",10.09,674.2,10,Twice,"Apr. 2009, Apr. 2010",Spring,Diffusion model ,0.05,NA,NA,93.29,NA,NA,NA,NA,NA,NA,NA,0.06,Diffusive flux,Table 2
Harley et al. 2015,79,"Tay estuary, Scotland, UK",,121.3,,Temperate,"56°28'N, 02°58'W",10.09,674.2,10,Total of 3 times,"Jun. 2009, Jun. 2010, July. 2009",Summer,Diffusion model ,0.05,,,93.29,,,,,,,,0.22,Diffusive flux,Table 2
Harley et al. 2015,79,"Tay estuary, Scotland, UK",,121.3,,Temperate,"56°28'N, 02°58'W",10.09,674.2,10,Once,Sept. 2009,Autumn,Diffusion model ,0.05,,,93.29,,,,,,,,0.19,Diffusive flux,Table 2
Harley et al. 2015,79,"Tay estuary, Scotland, UK",,121.3,,Temperate,"56°28'N, 02°58'W",10.09,674.2,10,Once,Feb. 2010,Winter,Diffusion model ,0.05,,,93.29,,,,,,,,0.09,Diffusive flux,Table 2
Jeffrey et al. 2018,102,"Coﬀs Creek estuary, New South Wales, Australia",4.3,0.5,1.2,Subtropical,"30°18′S, 153°06′E",18,1650,4,Once (diurnal),"Feb. 29th-Mar. 7th, 2016",Autumn,Diffusion model ,NA,NA,NA,NA,27.58,7.33,0.09,1.88,NA,NA,0.03-0.13,0.08,Diffusive flux,Text (abstract)
Looman et al. 2019,133,"Coffs Creek estuary, Australia ",4.3,0.5,1.2,Subtropical,"30°17′S, 153°06′E",18,1650,16-18,Twice,"Mar. 1st-Jun. 11th, 2016",,Diffusion model ,NA,NA,2.82,NA,22.75,NA,NA,NA,0.76-0.81,0.79,NA,0.25,Diffusive flux,Fig. 4
Looman et al. 2019,133,"Boambee Creek estuary, Australia ",8.7,0.7,NA,Subtropical,"30°20′S, 153°04′E",18,1650,15-Nov,,"Mar. 1st-Jun. 11th, 2016",,Diffusion model ,,,3.06,,22.38,,,,0.17-0.50,0.34,0.05-0.17,0.11,Diffusive flux,Fig. 4
Looman et al. 2019,133,"Bonville Creek estuary, Australia ",19,1,,Subtropical,"30°22′S, 153°03′E",18,1650,16-18,,"Mar. 1st-Jun. 11th, 2016",,Diffusion model ,,,3.24,,23.21,,,,0.35-1.01,0.68,0.11-0.42,0.26,Diffusive flux,Fig. 4
Looman et al. 2019,133,"Pine Creek estuary, Australia ",21,1.2,,Subtropical,"30°23′S, 153°01′E",18,1650,16-18,,"Mar. 1st-Jun. 11th, 2016",,Diffusion model ,,,6.42,,23.14,,,,0.52-0.63,0.58,0.16-0.21,0.19,Diffusive flux,Fig. 4
Maher et al. 2015,138,"North Creek estuary, New South Wales, Australia",NA,NA,2.25,Subtropical,"28°48’S, 153°34’E",19.36,1863,7,Diurnal (total of 4 times),"Jan. 15th, 2013",Summer,Diffusion model ,NA,NA,NA,NA,NA,NA,NA,NA,NA,NA,0.00-0.03,0.02,Diffusive flux,Text (results)
Musenze et al. 2014a,154,"Brisbane River estuary, Queensland, Australia",NA,NA,NA,Subtropical,"27°28′S, 152°59′E",21.37,1006.9,5,Twice,"Oct. 2010, Nov. 2011",Spring,The thin boundary layer model,0.04,NA,NA,6.65,24,7.8,NA,NA,NA,NA,0.04-0.11,0.07,Diffusive flux,Fig. 4a+Fig. 4e
Musenze et al. 2014a,154,"Brisbane River estuary, Queensland, Australia",,,,Subtropical,"27°28′S, 152°59′E",21.37,1006.9,5,Twice,"Feb. 2011, Feb. 2012",Summer,The thin boundary layer model,0.04,,,5.6,27.65,7.75,,,,,0.08-0.19,0.14,Diffusive flux,Fig. 4c+Fig. 4f
Musenze et al. 2014a,154,"Brisbane River estuary, Queensland, Australia",,,,Subtropical,"27°28′S, 152°59′E",21.37,1006.9,5,Once,12-May,Autumn,The thin boundary layer model,0.04,,,7.4,20.4,7.9,,,,,0.05-0.12,0.09,Diffusive flux,Fig. 4g
Musenze et al. 2014a,154,"Brisbane River estuary, Queensland, Australia",,,,Subtropical,"27°28′S, 152°59′E",21.37,1006.9,5,Twice,"Aug. 2011, Aug. 2012",Winter,The thin boundary layer model,0.04,,,8.7,16.5,8.1,,,,,0.04-0.14,0.08,Diffusive flux,Fig. 4d+Fig. 4h
Musenze et al. 2014a,154,"Brisbane River estuary, Queensland, Australia",,,,Subtropical,"27°28′S, 152°59′E",21.37,1006.9,6,Twice,"Oct. 2010, Nov. 2011",Spring,The thin boundary layer model,0.02,,,6.65,24,7.8,,,,,0.09-0.19,0.14,Diffusive flux,Fig. 4a+Fig. 4e
Musenze et al. 2014a,154,"Brisbane River estuary, Queensland, Australia",,,,Subtropical,"27°28′S, 152°59′E",21.37,1006.9,6,Twice,"Feb. 2011, Feb. 2012",Summer,The thin boundary layer model,0.02,,,5.6,27.65,7.75,,,,,0.12-0.31,0.22,Diffusive flux,Fig. 4c+Fig. 4f
Musenze et al. 2014a,154,"Brisbane River estuary, Queensland, Australia",,,,Subtropical,"27°28′S, 152°59′E",21.37,1006.9,6,Once,12-May,Autumn,The thin boundary layer model,0.02,,,7.4,20.4,7.9,,,,,0.13-0.27,0.2,Diffusive flux,Fig. 4g
Musenze et al. 2014a,154,"Brisbane River estuary, Queensland, Australia",,,,Subtropical,"27°28′S, 152°59′E",21.37,1006.9,6,Twice,"Aug. 2011, Aug. 2012",Winter,The thin boundary layer model,0.02,,,8.7,16.5,8.1,,,,,0.16-0.26,0.21,Diffusive flux,Fig. 4d+Fig. 4h
Musenze et al. 2014a,154,"Brisbane River estuary, Queensland, Australia",,,,Subtropical,"27°28′S, 152°59′E",21.37,1006.9,5,Twice,"Oct. 2010, Nov. 2011",Spring,The thin boundary layer model,0.01,,,6.65,24,7.8,,,,,0.30-0.65,0.43,Diffusive flux,Fig. 4a+Fig. 4e
Musenze et al. 2014a,154,"Brisbane River estuary, Queensland, Australia",,,,Subtropical,"27°28′S, 152°59′E",21.37,1006.9,5,Twice,"Feb. 2011, Feb. 2012",Summer,The thin boundary layer model,0.01,,,5.6,27.65,7.75,,,,,0.28-0.48,0.4,Diffusive flux,Fig. 4c+Fig. 4f
Musenze et al. 2014a,154,"Brisbane River estuary, Queensland, Australia",,,,Subtropical,"27°28′S, 152°59′E",21.37,1006.9,5,Once,12-May,Autumn,The thin boundary layer model,0.01,,,7.4,20.4,7.9,,,,,0.26-0.48,0.34,Diffusive flux,Fig. 4g
Musenze et al. 2014a,154,"Brisbane River estuary, Queensland, Australia",,,,Subtropical,"27°28′S, 152°59′E",21.37,1006.9,5,Twice,"Aug. 2011, Aug. 2012",Winter,The thin boundary layer model,0.01,,,8.7,16.5,8.1,,,,,0.37-0.58,0.47,Diffusive flux,Fig. 4d+Fig. 4h
Nirmal Rajkumar et al. 2008,159,"Adyar River estuary, India",NA,NA,1,Tropical,"13°00'N, 80°15'E",28.53,1311.9,5,2-3 months,Aug. 2003-Dec. 2004,,Diffusion model  ,15.46,0.24,NA,NA,NA,NA,NA,3.57,0.03-5.62,2.27,0.03-7.36,1.63,Diffusive flux,Table 3 
Rao and Sarma 2016,175,"Haldia estuary, India",NA,18.15,NA,Tropical,"22°01′N, 88°03′E",28.53,1311.9,5,Twice,"Jul. 28th, 2011-Jan. 15th, 2012",,Diffusion model  ,0.02,NA,NA,NA,NA,NA,NA,NA,0.01-0.01,0.01,0.00-0.0001,0,Diffusive flux,Table 1
Rao and Sarma 2016,175,"Subarnalekha estuary, India",,23.15,,Tropical,"21°34′N, 87°32′E",28.53,1311.9,3-Feb,Twice,"Jul. 28th, 2011-Jan. 15th, 2012",,Diffusion model  ,0.02,,,,,,,,0.01-0.02,0.02,0.00-0.0001,0,Diffusive flux,Table 1
Rao and Sarma 2016,175,"Baitarani estuary, India",,22.69,,Tropical,"20°47′N, 86°56′E",28.53,1311.9,9-Feb,Twice,"Jul. 28th, 2011-Jan. 15th, 2012",,Diffusion model  ,0.03,,,,,,,,0.01-0.01,0.01,0.00-0.001,0,Diffusive flux,Table 1
Rao and Sarma 2016,175,"Mahanadi estuary, India",,13.56,,Tropical,"20°20′N, 86°40′E",28.53,1311.9,9-Mar,Twice,"Jul. 28th, 2011-Jan. 15th, 2012",,Diffusion model  ,0.02,,,,,,,,0.02-0.04,0.03,0.00-0.0002,0,Diffusive flux,Table 1
Rao and Sarma 2016,175,"Rushikulya estuary, India",,12.57,,Tropical,"19°23′N, 85°05′E",28.53,1311.9,3-Feb,Twice,"Jul. 28th, 2011-Jan. 15th, 2012",,Diffusion model  ,0.03,,,,,,,,0.01-0.02,0.02,0.00-0.0001,0,Diffusive flux,Table 1
Rao and Sarma 2016,175,"Vamsadhara estuary, India",,15.05,,Tropical,"18°21′N, 84°07′E",28.53,1311.9,5-Feb,Twice,"Jul. 28th, 2011-Jan. 15th, 2012",,Diffusion model  ,0.02,,,,,,,,0.00-0.01,0.01,0.00-0.0003,0,Diffusive flux,Table 1
Rao and Sarma 2016,175,"Nagavali estuary, India",,13.94,,Tropical,"18°13′N, 83°56′E",28.53,1311.9,3-Feb,Twice,"Jul. 28th, 2011-Jan. 15th, 2012",,Diffusion model  ,0.01,,,,,,,,0.01-0.02,0.02,0.00-0.0004,0,Diffusive flux,Table 1
Rao and Sarma 2016,175,"Godavari estuary, India",,241.1,,Tropical,"16°43′N, 82°01′E",28.53,1311.9,7-May,Twice,"Jul. 28th, 2011-Jan. 15th, 2012",,Diffusion model  ,0.02,,,,,,,,0.07-0.14,0.11,0.00-0.003,0,Diffusive flux,Table 1
Rao and Sarma 2016,175,"Krishna estuary, India",,36.49,,Tropical,"16°01′N, 81°04′E",28.53,1311.9,8-Mar,Twice,"Jul. 28th, 2011-Jan. 15th, 2012",,Diffusion model  ,0.05,,,,,,,,0.01-0.01,0.01,0.00-0.001,0,Diffusive flux,Table 1
Rao and Sarma 2016,175,"Penna estuary, India",,27.97,,Tropical,"14°34′N, 80°10′E",28.53,1311.9,5-Feb,Twice,"Jul. 28th, 2011-Jan. 15th, 2012",,Diffusion model  ,0.05,,,,,,,,0.01-0.05,0.03,0.00-0.01,0.01,Diffusive flux,Table 1
Rao and Sarma 2016,175,"Ponnayaar estuary, India",,9.89,,Tropical,"11°46′N, 79°47′E",28.53,1311.9,5-Feb,Twice,"Jul. 28th, 2011-Jan. 15th, 2012",,Diffusion model  ,0.03,,,,,,,,0.04-0.06,0.05,0.00-0.01,0,Diffusive flux,Table 1
Rao and Sarma 2016,175,"Vellar estuary, India",,20.63,,Tropical,"11°29′N, 79°46′E",28.53,1311.9,5-Feb,Twice,"Jul. 28th, 2011-Jan. 15th, 2012",,Diffusion model  ,0.06,,,,,,,,0.02-0.04,0.03,0.00-0.01,0,Diffusive flux,Table 1
Rao and Sarma 2016,175,"Cauvery estuary, India",,20.63,,Tropical,"11°08′N, 79°50′E",28.53,1311.9,7-Mar,Twice,"Jul. 28th, 2011-Jan. 15th, 2012",,Diffusion model  ,0.06,,,,,,,,0.02-0.04,0.03,0.00-0.01,0,Diffusive flux,Table 1
Rao and Sarma 2016,175,"Ambalayar estuary, India",,4.57,,Tropical,"10°02′N, 79°14′E",28.53,1311.9,3-Feb,Twice,"Jul. 28th, 2011-Jan. 15th, 2012",,Diffusion model  ,0.04,,,,,,,,0.01-0.13,0.07,0.00-0.003,0,Diffusive flux,Table 1
Rao and Sarma 2016,175,"Vaigai estuary, India",,0.22,,Tropical,"09°20′N, 78°56′E",28.53,1311.9,6-Mar,Twice,"Jul. 28th, 2011-Jan. 15th, 2012",,Diffusion model  ,0.06,,,,,,,,0.01-0.18,0.09,0.00-0.02,0.01,Diffusive flux,Table 1
Rao and Sarma 2016,175,"Cochin Back Waters estuary, India",,231.1,,Tropical,"10°03′N, 76°16′E",28.53,1311.9,8-Mar,Twice,"Jul. 28th, 2011-Jan. 15th, 2012",,Diffusion model  ,0.06,,,,,,,,0.03-0.16,0.1,0.00-0.02,0.01,Diffusive flux,Table 1
Rao and Sarma 2016,175,"Chalakudi estuary, India",,9.69,,Tropical,"10°11′N, 76°13′E",28.53,1311.9,7-Mar,Twice,"Jul. 28th, 2011-Jan. 15th, 2012",,Diffusion model  ,0.03,,,,,,,,0.03-0.11,0.07,0.00-0.01,0,Diffusive flux,Table 1
Rao and Sarma 2016,175,"Bharatakulza estuary, India",,19.12,,Tropical,"10°49′N, 75°58′E",28.53,1311.9,6-Feb,Twice,"Jul. 28th, 2011-Jan. 15th, 2012",,Diffusion model  ,0.02,,,,,,,,0.02-0.03,0.02,0.00-0.001,0,Diffusive flux,Table 1
Rao and Sarma 2016,175,"Netravathi estuary, India",,18.54,,Tropical,"12°52′N, 74°58′E",28.53,1311.9,7-Feb,Twice,"Jul. 28th, 2011-Jan. 15th, 2012",,Diffusion model  ,0.07,,,,,,,,0.12-0.57,0.35,0.02-0.08,0.05,Diffusive flux,Table 1
Rao and Sarma 2016,175,"Kali estuary, India",,17.59,,Tropical,"14°51′N, 74°09′E",28.53,1311.9,6-Feb,Twice,"Jul. 28th, 2011-Jan. 15th, 2012",,Diffusion model  ,0.09,,,,,,,,0.01-0.05,0.03,0.00-0.001,0,Diffusive flux,Table 1
Rao and Sarma 2016,175,"Zuari estuary, India",,14.62,,Tropical,"15°25′N, 73°55′E",28.53,1311.9,8-Mar,Twice,"Jul. 28th, 2011-Jan. 15th, 2012",,Diffusion model  ,0.13,,,,,,,,0.01-0.03,0.02,0.00-0.003,0,Diffusive flux,Table 1
Rao and Sarma 2016,175,"Mandovi estuary, India",,27.68,,Tropical,"15°30′N, 73°54′E",28.53,1311.9,8-Feb,Twice,"Jul. 28th, 2011-Jan. 15th, 2012",,Diffusion model  ,0.03,,,,,,,,0.02-0.03,0.03,0.00-0.002,0,Diffusive flux,Table 1
Rao and Sarma 2016,175,"Narmada estuary, India",,115.5,,Tropical,"21°41′N, 72°00′E",28.53,1311.9,4-Feb,Twice,"Jul. 28th, 2011-Jan. 15th, 2012",,Diffusion model  ,0.04,,,,,,,,0.01-0.02,0.01,0.00-0.001,0,Diffusive flux,Table 1
Rao and Sarma 2016,175,"Tapti estuary, India",,41.04,,Tropical,"21°14′N, 72°48′E",28.53,1311.9,3-Feb,Twice,"Jul. 28th, 2011-Jan. 15th, 2012",,Diffusion model  ,0.2,,,,,,,,0.49-0.49,0.49,0.01-0.20,0.1,Diffusive flux,Table 1
Rao and Sarma 2016,175,"Sabarmathi estuary, India",,66.29,,Tropical,"22°59′N, 72°34′E",28.53,1311.9,3-Feb,Twice,"Jul. 28th, 2011-Jan. 15th, 2012",,Diffusion model  ,0.08,,,,,,,,0.04-0.56,0.3,0.00-0.0002,0,Diffusive flux,Table 1
Rao and Sarma 2016,175,"Mahisagar estuary, India",,14.28,,Tropical,"22°26′N, 73°04′E",28.53,1311.9,3-Feb,Twice,"Jul. 28th, 2011-Jan. 15th, 2012",,Diffusion model  ,0.07,,,,,,,,0.05-0.18,0.11,0.00-0.01,0,Diffusive flux,Table 1
Rosentreter et al. 2018,187,"Johnstone River estuary, Queensland, Australia",NA,2.6,NA,Tropical,"17°31'S, 146°03'E",21.37,1006.9,NA,Twice,Feb.-Oct. 2014,,Diffusion model ,NA,NA,1.2,NA,26.2,6.78,3.45,NA,NA,NA,0.21-0.47,0.34,Diffusive flux,Table 2
Rosentreter et al. 2018,187,"Johnstone River estuary, Queensland, Australia",,2.6,,Tropical,"17°31'S, 146°03'E",21.37,1006.9,,Twice,Feb.-Oct. 2014,,Microbubble ﬂux model ,,,1.2,,26.2,6.78,3.45,,,,0.13-0.23,0.18,Ebullitive flux,Table 2
Rosentreter et al. 2018,187,"Johnstone River estuary, Queensland, Australia",,2.6,,Tropical,"17°31'S, 146°03'E",21.37,1006.9,,Twice,Feb.-Oct. 2014,,Diffusion model  + Microbubble ﬂux model ,,,1.2,,26.2,6.78,3.45,,,,0.34-0.70,0.52,Total flux,Table 2
Rosentreter et al. 2018,187,"Constant Creek estuary, Queensland, Australia",,2.3,,Tropical,"20°59'S, 149°02'E",21.37,1006.9,,Twice,Feb.-Oct. 2014,,Diffusion model ,,,2.3,,26.25,7.21,5.5,,,,0.05-0.08,0.07,Diffusive flux,Table 2
Rosentreter et al. 2018,187,"Constant Creek estuary, Queensland, Australia",,2.3,,Tropical,"20°59'S, 149°02'E",21.37,1006.9,,Twice,Feb.-Oct. 2014,,Microbubble ﬂux model ,,,2.3,,26.25,7.21,5.5,,,,0.00-0.03,0.01,Ebullitive flux,Table 2
Rosentreter et al. 2018,187,"Constant Creek estuary, Queensland, Australia",,2.3,,Tropical,"20°59'S, 149°02'E",21.37,1006.9,,Twice,Feb.-Oct. 2014,,Diffusion model  + Microbubble ﬂux model ,,,2.3,,26.25,7.21,5.5,,,,0.05-0.11,0.08,Total flux,Table 2
Rosentreter et al. 2018,187,"Fitzroy River estuary, Queensland, Australia",,38.1,,Tropical,"23°31'S, 150°53'E",21.37,1006.9,,Once,Feb.-Mar. 2014,,Microbubble ﬂux model ,,,4.45,,24.9,7.34,5.9,,,,NA,0.03,Ebullitive flux,Table 2
Rosentreter et al. 2018,187,"Fitzroy River estuary, Queensland, Australia",,38.1,,Tropical,"23°31'S, 150°53'E",21.37,1006.9,,Twice,Feb.-Oct. 2014,,Diffusion model  + Microbubble ﬂux model ,,,4.45,,24.9,7.34,5.9,,,,0.03-0.11,0.07,Total flux,Table 2
Sadat-Noori et al. 2016,190,"Korogoro Creek estuary, NSW, Australia",18,0.12,0.9,Subtropical,"31°03′S, 153°04′E",17.29,1490,4-Feb,Diurnal (twice),"Mar. 25th-Jun. 10th, 2013",,Diffusion model ,NA,NA,NA,NA,NA,NA,NA,NA,NA,NA,11.47-28.67,17.2,Diffusive flux,Table 3
Sansone et al. 1998,193,"Tomales Bay (estuary), California, USA",NA,16,3,Temperate,"37°20′N, 121°53′W",16.38,378.3,9,Every other month,May-Sept. 1991,Summer,Diffusion model ,NA,NA,NA,>6.40,23,NA,NA,2.6,0.02-0.03,0.02,NA,0.01,Diffusive flux,Text (discussion)
Sansone et al. 1998,193,"Tomales Bay (estuary), California, USA",,16,3,Temperate,"37°20′N, 121°53′W",16.38,378.3,9,Once,Mar. 1991,Winter,Diffusion model ,,,,>6.40,5,,,1.6,NA,0.03,,0,Diffusive flux,Text (discussion)
Shalini et al. 2006,198,"Pulicat Lake estuary, India",NA,355,1.75,Tropical,"13°24'N, 80°02'E",28.53,1311.9,52,Once,Dec. 2000,Winter,Diffusion model ,NA,NA,NA,5.31,NA,NA,NA,NA,0.09-0.50,0.24,NA,0.12,Diffusive flux,Table 3
Shalini et al. 2006,198,"Pulicat Lake estuary, India",,355,1.75,Tropical,"13°24'N, 80°02'E",28.53,1311.9,52,Once,Dec. 2000,Winter,Diffusion model ,,,,5.31,,,,,0.09-0.50,0.24,,0.04,Diffusive flux,Table 3
Shalini et al. 2006,198,"Pulicat Lake estuary, India",,355,1.75,Tropical,"13°24'N, 80°02'E",28.53,1311.9,52,Once,Dec. 2000,Winter,Diffusion model ,,,,5.31,,,,,0.09-0.50,0.24,,0.19,Diffusive flux,Table 3
Sierra et al. 2020,200,"Guadalquivir estuary, Iberian Peninsula",NA,NA,NA,Mediterranean,"36°51'N, 06°21'W",18.67,527.8,16,Once,"Jul. 4th-Jul. 8th, 2017",Summer,Diffusion model ,NA,0.88,NA,6.38,24.9,7.85,NA,2.6,NA,NA,NA,0.08,Diffusive flux,Table 2
Sierra et al. 2020,200,"Tinto-Odiel estuary, Iberian Peninsula",,,,Mediterranean,"37°12'N, 07°09'W",18.13,506.8,14,Once,"Jul. 11th-Jul. 14th, 2017",Summer,Diffusion model ,,0.01,,7.23,24.8,7.76,,0.5,,0.08,,0.05,Diffusive flux,Table 2
Sierra et al. 2020,200,"Guadiana estuary, Iberian Peninsula",,,,Mediterranean,"37°18'N, 07°24'W",17.6,497.4,19,Once,"Jul. 16th-Jul. 19th, 2017",Summer,Diffusion model ,,0.86,,6.7,25.9,7.9,,2.3,,0.08,,0.07,Diffusive flux,Table 2
Sturm et al. 2016,213,"Brisbane River estuary, Queensland, Australia",NA (total 13643.00),NA (total 19.00),14,Subtropical,"27°25′S, 153°07′E",26.4,1153,1,Once,Oct. 2013,Spring,Floating chamber (anchored),NA,NA,NA,7.84,19.1,NA,NA,NA,NA,0.11,NA,0.5,Total flux,Table A4
Sturm et al. 2016,213,"Brisbane River estuary, Queensland, Australia",,,14,Subtropical,"27°31′S, 152°59′E",26.4,1153,1,Once,Oct. 2013,Spring,Floating chamber (anchored),,,,7.71,18.5,,,,,0.2,,0.27,Total flux,Table A4
Sturm et al. 2016,213,"Brisbane River estuary, Queensland, Australia",,,3,Subtropical,"27°32′S, 152°50′E",26.4,1153,1,Once,Oct. 2013,Spring,Floating chamber (anchored),,,,8.86,17.1,,,,,0.59,,0.13,Total flux,Table A4
Sturm et al. 2017,214,"Brisbane River estuary, Queensland, Australia",NA (total 13643.00),NA (total 19.00),3,Subtropical,"27°32′S, 152°50′E",26.4,1153,1,Once,Aug. 2014,Winter,Floating chamber,NA,NA,NA,NA,17.7,NA,NA,NA,0.22-0.30,0.26,0.16-0.39,0.28,Total flux,Table A1
Sturm et al. 2017,214,"Brisbane River estuary, Queensland, Australia",,,14,Subtropical,"27°32′S, 152°50′E",26.4,1153,1,Twice,"Aug. 2013, Aug. 2014",Winter,Floating chamber,,,,,18.45,,,,0.14-0.92,0.33,0.15-0.93,0.54,Total flux,Table A1
Sturm et al. 2017,214,"Brisbane River estuary, Queensland, Australia",,,14,Subtropical,"27°32′S, 152°50′E",26.4,1153,1,Once,Aug. 2014,Winter,Floating chamber,,,,,18.5,,,,0.08-0.16,0.1,0.09-0.33,0.18,Total flux,Fig. 2A
Sturm et al. 2017,214,"Brisbane River estuary, Queensland, Australia",,,14,Subtropical,"27°32′S, 152°50′E",26.4,1153,1,Once,Aug. 2014,Winter,Floating chamber,,,,,18.5,,,,0.08-0.16,0.1,0.08-0.29,0.16,Diffusive flux,Fig. 2A
Sturm et al. 2017,214,"Brisbane River estuary, Queensland, Australia",,,14,Subtropical,"27°32′S, 152°50′E",26.4,1153,1,Once,Aug. 2014,Winter,Floating chamber,,,,,18.5,,,,0.08-0.16,0.1,-0.09,0.02,Ebullitive flux,Fig. 2A
Tait et al. 2017,215,"Yarra River estuary, Victoria, Australia",NA,NA,7,Temperate,"37°48′S, 145°00′E",15.93,601.9,15,Once,Nov. 2015,Spring,Diffusion model ,0.23,NA,NA,NA,NA,NA,NA,NA,NA,NA,NA,0.27,Diffusive flux,Table 2
Upstill-Goddard and Barnes 2016,224,"Humber estuary, UK",25000,303.5,NA,Temperate,"53°39'N, 00°13'W",10.09,674.2,36,Twice,"Jul. 26th-Sept. 25th, 2001",,Diffusion model ,NA,NA,NA,NA,17.15,NA,NA,4.35,NA,NA,NA,0.02,Diffusive flux,Table 3
Upstill-Goddard and Barnes 2016,224,"Forth estuary, UK",1000,84,,Temperate,"56°08'N, 04°04'W",9.26,704.3,15,Total of 4 times,"Oct. 12th, 2000-Aug. 7th, 2001",,Diffusion model ,,,,,12.73,,,4.64,,,,0.15,Diffusive flux,Table 3
Upstill-Goddard and Barnes 2016,224,"Tamar estuary, UK",1500,39.6,,Temperate,"50°38'N, 04°19'W",11.05,1007.3,20,Twice,"Feb. 5th-Apr. 27th, 2001",,Diffusion model ,,,,,9.05,,,10.35,,,,0.21,Diffusive flux,Table 3
Upstill-Goddard and Barnes 2016,224,"Tyne estuary, UK",2000,7.9,,Temperate,"54°58'N, 01°46'W",9.71,983.2,13,Total of 6 times,"Jan. 9th, 2000-Aug. 1st, 2002",,Diffusion model ,,,,,10.5,,,8.6,,,,0.9,Diffusive flux,Table 3
Upstill-Goddard and Barnes 2016,224,"Tees estuary, UK",NA,13.5,,Temperate,"54°33'N, 01°46'W",9.71,983.2,13,Total of 3 times,"Feb. 22th, 2001-Jul. 18th, 2002",,Diffusion model ,,,,,11,,,6.53,,,,0.34,Diffusive flux,Table 3
Upstill-Goddard and Barnes 2016,224,"Tay estuary, UK",5300,121.3,,Temperate,"56°30'N, 03°25'W",9.26,704.3,7,Once,"Apr. 5th, 2001",Spring,Diffusion model ,,,,,8,,,8.3,,,,0.03,Diffusive flux,Table 3
Wells et al. 2020,235,"Queensland, Australia",NA,NA,NA,Subtropical,"27°45'S, 152°87'E",26.4,1153,12,Twice,Mar.-Oct. 2016,,Diffusion model ,NA,NA,5.12,NA,NA,NA,NA,NA,NA,NA,12.47-23.83,17.78,Diffusive flux,Text (abstract)
Yang et al. 2017,258,"Minjiang estuary, China",NA,0.02,NA,Subtropical,"26°02′N, 119°36′E",19.6,1350,NA, Continuous," Aug. 15th-Aug. 19th, 2014 (during tidal inundations)",Summer,Floating chamber,NA,NA,NA,NA,26,NA,NA,NA,NA,NA,0.46-32.67,12,Total flux,Fig. 8b
Ye et al. 2019,262,"Pearl River estuary, China",NA,2000,6,Subtropical,"22°30′N, 113°30′E",18,1470,14,Once,Oct. 2014,Autumn,Diffusion model ,NA,NA,NA,NA,28.1,NA,NA,5.7,0.01-0.43,0.11,NA,0.21,Diffusive flux,Text (abstract)
Ye et al. 2019,262,"Pearl River estuary, China",,2000,6,Subtropical,"22°30′N, 113°30′E",18,1470,NA,Once,Jun. 2015,Summer,Diffusion model ,,,,,NA,,,NA,0.05-0.31,0.13,,0.12,Diffusive flux,Text (abstract)
Zhou et al. 2009,273,"Pearl River estuary, China",NA,NA ,6,Subtropical,"22°30′N, 113°30′E",18,1470,27,Once,Sept. 2006,Autumn,Diffusion model ,NA,NA,NA,NA,NA,NA,NA,NA,0.01-0.17,0.06,NA,0.04,Diffusive flux,Table 1